inventory_id,bank_id,blood_group,units_available
1,1,A+,18
2,1,A-,5
3,1,B+,14
4,1,B-,12
5,1,O+,20
6,1,O-,11
7,1,AB+,11
8,1,AB-,18
9,2,A+,20
10,2,A-,15
11,2,B+,15
12,2,B-,18
13,2,O+,20
14,2,O-,15
15,2,AB+,7
16,2,AB-,14
17,3,A+,6
18,3,A-,11
19,3,B+,10
20,3,B-,20
21,3,O+,12
22,3,O-,20
23,3,AB+,17
24,3,AB-,18
25,4,A+,5
26,4,A-,16
27,4,B+,6
28,4,B-,12
29,4,O+,11
30,4,O-,6
31,4,AB+,20
32,4,AB-,18
33,5,A+,12
34,5,A-,2
35,5,B+,5
36,5,B-,6
37,5,O+,20
38,5,O-,9
39,5,AB+,2
40,5,AB-,13
41,6,A+,20
42,6,A-,12
43,6,B+,10
44,6,B-,5
45,6,O+,18
46,6,O-,3
47,6,AB+,19
48,6,AB-,6
